{
  "dims": {
    "n_x": 4,
    "n_u": 2,
    "n_z": 0,
    "n_v_global": 0,
    "n_p_global": 0,
    "n_p_time_var": 0,
    "n_g_path": 0,
    "n_g_terminal": 2,
    "n_sys": 2,
    "n_c_sys": [
      1,
      1
    ],
    "n_f_sys": [
      2,
      2
    ]
  },
  "opts": {
    "use_fesd": true,
    "casadi_symbolic_mode": "casadi.SX",
    "T_sim": [],
    "N_sim": [],
    "h_sim": [],
    "h": 0.10810810810810811,
    "h_k": [
      0.036036036036036036,
      0.036036036036036036,
      0.036036036036036036,
      0.036036036036036036,
      0.036036036036036036,
      0.036036036036036036,
      0.036036036036036036,
      0.036036036036036036,
      0.036036036036036036,
      0.036036036036036036,
      0.036036036036036036,
      0.036036036036036036,
      0.036036036036036036,
      0.036036036036036036,
      0.036036036036036036,
      0.036036036036036036,
      0.036036036036036036,
      0.036036036036036036,
      0.036036036036036036,
      0.036036036036036036,
      0.036036036036036036,
      0.036036036036036036,
      0.036036036036036036,
      0.036036036036036036,
      0.036036036036036036,
      0.036036036036036036,
      0.036036036036036036,
      0.036036036036036036,
      0.036036036036036036,
      0.036036036036036036,
      0.036036036036036036,
      0.036036036036036036,
      0.036036036036036036,
      0.036036036036036036,
      0.036036036036036036,
      0.036036036036036036,
      0.036036036036036036
    ],
    "T": 4,
    "N_stages": 37,
    "N_finite_elements": [
      3,
      3,
      3,
      3,
      3,
      3,
      3,
      3,
      3,
      3,
      3,
      3,
      3,
      3,
      3,
      3,
      3,
      3,
      3,
      3,
      3,
      3,
      3,
      3,
      3,
      3,
      3,
      3,
      3,
      3,
      3,
      3,
      3,
      3,
      3,
      3,
      3
    ],
    "n_s": 3,
    "rk_scheme": "RADAU_IIA",
    "rk_representation": "integral",
    "cross_comp_mode": "FE_STAGE",
    "gamma_h": 1,
    "dcs_mode": "Stewart",
    "lift_complementarities": false,
    "lower_bound_comp_lift": false,
    "initial_alpha": 0.5,
    "initial_lambda_n": 0.5,
    "initial_lambda_p": 0.5,
    "initial_beta_lift": 1,
    "initial_theta_step": 1,
    "initial_lambda_gcs": 0,
    "initial_Lambda_normal": 0,
    "initial_P_vn": 1,
    "initial_N_vn": 1,
    "initial_Y_gap": 1,
    "initial_Lambda_tangent": 1,
    "initial_Gamma_d": 1,
    "initial_Beta_d": 1,
    "initial_Delta_d": 1,
    "initial_Gamma": 1,
    "initial_Beta": 1,
    "initial_P_vt": 1,
    "initial_N_vt": 1,
    "initial_Alpha_vt": 1,
    "initial_lambda_normal": 1,
    "initial_p_vn": 1,
    "initial_n_vn": 1,
    "initial_y_gap": 1,
    "initial_lambda_tangent": 1,
    "initial_gamma_d": 1,
    "initial_beta_d": 1,
    "initial_delta_d": 1,
    "initial_gamma": 1,
    "initial_beta": 1,
    "initial_p_vt": 1,
    "initial_n_vt": 1,
    "initial_alpha_vt": 1,
    "ub_lambda_gcs": Infinity,
    "ub_Lambda_normal": Infinity,
    "ub_P_vn": Infinity,
    "ub_N_vn": Infinity,
    "ub_Y_gap": Infinity,
    "ub_Lambda_tangent": Infinity,
    "ub_Gamma_d": Infinity,
    "ub_Beta_d": Infinity,
    "ub_Delta_d": Infinity,
    "ub_Gamma": Infinity,
    "ub_Beta": Infinity,
    "ub_P_vt": Infinity,
    "ub_N_vt": Infinity,
    "ub_Alpha_vt": Infinity,
    "ub_lambda_normal": Infinity,
    "ub_p_vn": Infinity,
    "ub_n_vn": Infinity,
    "ub_y_gap": Infinity,
    "ub_lambda_tangent": Infinity,
    "ub_gamma_d": Infinity,
    "ub_beta_d": Infinity,
    "ub_delta_d": Infinity,
    "ub_gamma": Infinity,
    "ub_beta": Infinity,
    "ub_p_vt": Infinity,
    "ub_n_vt": Infinity,
    "ub_alpha_vt": Infinity,
    "pss_lift_step_functions": false,
    "n_depth_step_lifting": 2,
    "gcs_lift_gap_functions": true,
    "linear_complemtarity_M": 1000,
    "g_path_at_fe": false,
    "g_path_at_stg": false,
    "x_box_at_fe": true,
    "x_box_at_stg": true,
    "time_optimal_problem": 0,
    "rho_h": 100,
    "step_equilibration": "heuristic_mean",
    "step_equilibration_sigma": 0.1,
    "equidistant_control_grid": true,
    "time_freezing": false,
    "time_freezing_inelastic": false,
    "use_speed_of_time_variables": false,
    "local_speed_of_time_variable": false,
    "stagewise_clock_constraint": true,
    "impose_terminal_phyisical_time": true,
    "s_sot0": 1,
    "s_sot_max": 25,
    "s_sot_min": 1,
    "S_sot_nominal": 1,
    "rho_sot": 0,
    "T_final_max": 100,
    "T_final_min": 0,
    "time_freezing_reduced_model": false,
    "time_freezing_hysteresis": false,
    "time_freezing_nonlinear_friction_cone": true,
    "time_freezing_quadrature_state": false,
    "time_freezing_lift_forces": false,
    "time_freezing_nonsmooth_switching_fun": false,
    "stabilizing_q_dynamics": false,
    "kappa_stabilizing_q_dynamics": 1E-5,
    "print_level": 3,
    "friction_model": "Conic",
    "conic_model_switch_handling": "Abs",
    "kappa_friction_reg": 0,
    "lift_velocity_state": false,
    "eps_cls": 0.001,
    "fixed_eps_cls": false,
    "eps_t": 1E-7,
    "relax_terminal_constraint": "NONE",
    "relax_terminal_constraint_from_above": false,
    "rho_terminal": 100,
    "relax_terminal_constraint_homotopy": false,
    "relax_terminal_numerical_time": "NONE",
    "rho_terminal_numerical_time": 100,
    "relax_terminal_numerical_time_homotopy": false,
    "relax_terminal_physical_time": "NONE",
    "rho_terminal_physical_time": 100,
    "relax_terminal_physical_time_homotopy": false,
    "relax_fesdj_impulse": "NONE",
    "rho_fesdj_impulse": 100,
    "euler_cost_integration": false,
    "no_initial_impacts": false,
    "use_previous_solution_as_initial_guess": false,
    "has_clock_state": false,
    "T_val": 1,
    "p_val": [
      0,
      1,
      100,
      1
    ],
    "a_n": 100,
    "k_aux": 10,
    "time_freezing_Heaviside_lifting": true,
    "A_rk": [],
    "B_rk": [
      -8.8817841970012523E-16,
      0.37640306270046686,
      0.512485826188421,
      0.11111111111111105
    ],
    "b_rk": [],
    "C_rk": [
      [
        -8.9999999999999982,
        -4.1393876913398131,
        1.739387691339811,
        -3.0000000000000018
      ],
      [
        10.048809399827414,
        3.2247448713915867,
        -3.5678400846904044,
        5.5319726474218047
      ],
      [
        -1.3821427331607492,
        1.1678400846904051,
        0.77525512860840906,
        -7.5319726474218074
      ],
      [
        0.33333333333333348,
        -0.25319726474218096,
        1.053197264742181,
        5
      ]
    ],
    "D_rk": [
      -1.7763568394002505E-15,
      -1.7763568394002505E-15,
      -1.1102230246251565E-15,
      1
    ],
    "c_rk": [
      0.1550510257216822,
      0.64494897427831788,
      1
    ],
    "right_boundary_point_explicit": true,
    "use_numerical_clock_state": false,
    "time_rescaling": false
  }
}